{"Epoch": 2, "Train_loss": 3.9797977447509765, "Valid_loss": 4.3166022300720215, "_timestamp": 1725378372.3182554, "_runtime": 6.80594539642334, "_step": 2, "mae_mean": 4.3166022300720215, "_wandb": {"runtime": 6}}