Epoch,Train_loss,Valid_loss
1,0.3603254308303197,1.9938210248947144
2,0.35286758840084076,2.262305498123169
3,0.30923642218112946,2.4323558807373047
4,0.31210369368394214,2.4936683177948
