Epoch,Train_loss,Valid_loss
1,1.2150778770446777,4.972026348114014
2,0.9362529019514719,4.011389255523682
3,0.5488187273343405,3.048558473587036
4,0.3776025225718816,2.2026727199554443
5,0.3723965883255005,1.6912975311279297
6,0.43199047942956287,1.4665136337280273
7,0.4250696847836177,1.52250075340271
8,0.38361789782842,1.7271708250045776
