Epoch,Train_loss,Valid_loss
1,0.21288543592557707,1.4043383779733076
2,0.1332023116076514,1.2112280577421188
